zone_id,recorded_river_level,recorded_rainfall_24h,historical_outcome
Zone_A,2.6,6.08,NORMAL
Zone_A,2.8,42.61,NORMAL
Zone_A,5.52,62.43,FLOODED
Zone_A,2.81,50.33,NORMAL
Zone_A,6.59,81.5,FLOODED
Zone_A,3.28,98.23,FLOODED
Zone_A,5.4,6.24,FLOODED
Zone_A,1.69,16.84,NORMAL
Zone_A,5.5,18.37,FLOODED
Zone_A,4.31,9.33,NORMAL
Zone_A,6.56,34.4,FLOODED
Zone_A,6.49,94.49,FLOODED
Zone_A,1.53,46.41,NORMAL
Zone_A,1.64,90.87,FLOODED
Zone_A,4.35,7.49,NORMAL
Zone_A,2.11,38.35,NORMAL
Zone_A,6.67,69.29,FLOODED
Zone_A,6.27,36.65,FLOODED
Zone_A,1.74,97.43,FLOODED
Zone_A,1.59,94.77,FLOODED
Zone_A,3.53,1.01,NORMAL
Zone_A,5.29,98.05,FLOODED
Zone_A,6.81,16.09,FLOODED
Zone_A,2.5,56.55,NORMAL
Zone_A,5.01,73.94,FLOODED
Zone_A,2.5,95.9,FLOODED
Zone_A,5.01,84.7,FLOODED
Zone_A,4.47,41.43,NORMAL
Zone_A,6.87,58.21,FLOODED
Zone_A,6.27,95.33,FLOODED
Zone_A,5.21,54.89,FLOODED
Zone_A,1.52,4.0,NORMAL
Zone_A,2.6,18.6,NORMAL
Zone_A,2.9,30.49,NORMAL
Zone_A,3.48,42.05,NORMAL
Zone_A,2.04,4.24,NORMAL
Zone_A,5.21,53.73,FLOODED
Zone_A,3.94,63.44,FLOODED
Zone_A,6.05,42.77,FLOODED
Zone_A,5.03,95.36,FLOODED
Zone_A,6.12,42.6,FLOODED
Zone_A,5.05,17.71,FLOODED
Zone_A,4.58,98.13,FLOODED
Zone_A,4.35,92.76,FLOODED
Zone_A,3.74,99.88,FLOODED
Zone_A,4.69,4.23,FLOODED
Zone_A,4.73,27.46,FLOODED
Zone_A,1.68,82.09,FLOODED
Zone_A,3.02,79.65,FLOODED
Zone_A,3.09,19.43,NORMAL
Zone_B,6.86,36.16,FLOODED
Zone_B,4.81,61.0,FLOODED
Zone_B,4.58,91.47,FLOODED
Zone_B,5.21,40.37,FLOODED
Zone_B,6.24,18.11,FLOODED
Zone_B,4.49,95.06,FLOODED
Zone_B,4.94,81.7,FLOODED
Zone_B,5.09,83.94,FLOODED
Zone_B,6.69,27.29,FLOODED
Zone_B,2.43,48.4,NORMAL
Zone_B,5.36,22.72,FLOODED
Zone_B,1.52,34.29,NORMAL
Zone_B,6.83,69.5,FLOODED
Zone_B,3.71,19.26,NORMAL
Zone_B,3.46,16.98,NORMAL
Zone_B,2.08,90.67,FLOODED
Zone_B,6.99,16.41,FLOODED
Zone_B,1.8,32.97,NORMAL
Zone_B,4.04,20.48,NORMAL
Zone_B,3.16,20.09,NORMAL
Zone_B,5.76,71.26,FLOODED
Zone_B,4.99,38.72,FLOODED
Zone_B,6.5,96.95,FLOODED
Zone_B,2.46,22.3,NORMAL
Zone_B,4.39,9.13,NORMAL
Zone_B,3.9,58.18,NORMAL
Zone_B,4.37,33.09,NORMAL
Zone_B,4.48,95.88,FLOODED
Zone_B,2.63,65.48,FLOODED
Zone_B,1.74,6.64,NORMAL
Zone_B,4.54,10.49,FLOODED
Zone_B,1.62,17.15,NORMAL
Zone_B,4.61,70.33,FLOODED
Zone_B,2.61,66.83,FLOODED
Zone_B,2.5,61.35,FLOODED
Zone_B,3.77,65.38,FLOODED
Zone_B,6.97,93.78,FLOODED
Zone_B,1.52,88.54,FLOODED
Zone_B,1.87,95.3,FLOODED
Zone_B,3.05,38.2,NORMAL
Zone_B,2.0,11.23,NORMAL
Zone_B,5.5,94.43,FLOODED
Zone_B,4.86,71.59,FLOODED
Zone_B,5.69,26.28,FLOODED
Zone_B,1.75,0.19,NORMAL
Zone_B,3.43,24.15,NORMAL
Zone_B,1.84,17.95,NORMAL
Zone_B,2.18,91.49,FLOODED
Zone_B,2.27,53.76,NORMAL
Zone_B,4.76,54.35,FLOODED
Zone_C,2.04,31.88,NORMAL
Zone_C,1.78,39.57,NORMAL
Zone_C,2.54,56.16,NORMAL
Zone_C,5.31,53.21,FLOODED
Zone_C,3.89,38.73,NORMAL
Zone_C,6.13,21.94,FLOODED
Zone_C,5.54,75.75,FLOODED
Zone_C,3.81,29.73,NORMAL
Zone_C,4.09,9.32,NORMAL
Zone_C,1.75,11.16,NORMAL
Zone_C,2.53,50.42,NORMAL
Zone_C,6.17,23.56,FLOODED
Zone_C,6.64,95.49,FLOODED
Zone_C,6.77,83.76,FLOODED
Zone_C,3.5,7.27,NORMAL
Zone_C,4.63,55.87,FLOODED
Zone_C,6.17,99.6,FLOODED
Zone_C,4.29,34.52,NORMAL
Zone_C,2.52,0.48,NORMAL
Zone_C,4.3,55.55,NORMAL
Zone_C,6.04,50.46,FLOODED
Zone_C,6.54,62.81,FLOODED
Zone_C,6.12,14.83,FLOODED
Zone_C,6.2,67.51,FLOODED
Zone_C,2.44,18.98,NORMAL
Zone_C,6.6,3.22,FLOODED
Zone_C,4.04,31.35,NORMAL
Zone_C,5.16,83.96,FLOODED
Zone_C,3.48,42.69,NORMAL
Zone_C,6.9,78.39,FLOODED
Zone_C,6.43,43.88,FLOODED
Zone_C,2.79,41.19,NORMAL
Zone_C,5.44,10.94,FLOODED
Zone_C,2.99,4.66,NORMAL
Zone_C,3.88,82.74,FLOODED
Zone_C,1.64,67.53,FLOODED
Zone_C,6.63,23.69,FLOODED
Zone_C,5.31,97.51,FLOODED
Zone_C,6.79,23.49,FLOODED
Zone_C,2.05,14.83,NORMAL
Zone_C,5.36,72.58,FLOODED
Zone_C,5.21,33.61,FLOODED
Zone_C,2.43,58.08,NORMAL
Zone_C,4.16,72.88,FLOODED
Zone_C,3.93,33.86,NORMAL
Zone_C,3.11,21.15,NORMAL
Zone_C,2.96,9.48,NORMAL
Zone_C,3.41,3.66,NORMAL
Zone_C,2.53,74.68,FLOODED
Zone_C,3.29,66.82,FLOODED
Zone_D,5.44,58.12,FLOODED
Zone_D,6.77,2.14,FLOODED
Zone_D,5.56,95.88,FLOODED
Zone_D,6.24,16.79,FLOODED
Zone_D,3.3,17.25,NORMAL
Zone_D,4.81,71.22,FLOODED
Zone_D,3.24,53.95,NORMAL
Zone_D,5.3,42.13,FLOODED
Zone_D,6.2,77.15,FLOODED
Zone_D,1.86,62.11,FLOODED
Zone_D,2.79,55.75,NORMAL
Zone_D,6.76,87.91,FLOODED
Zone_D,3.72,29.15,NORMAL
Zone_D,2.79,53.25,NORMAL
Zone_D,2.13,54.93,NORMAL
Zone_D,1.51,32.38,NORMAL
Zone_D,2.71,97.12,FLOODED
Zone_D,5.5,34.97,FLOODED
Zone_D,2.01,51.68,NORMAL
Zone_D,2.67,53.64,NORMAL
Zone_D,6.09,61.58,FLOODED
Zone_D,4.99,54.1,FLOODED
Zone_D,6.6,93.19,FLOODED
Zone_D,4.32,30.58,NORMAL
Zone_D,4.03,18.66,NORMAL
Zone_D,5.0,50.01,FLOODED
Zone_D,2.07,19.76,NORMAL
Zone_D,4.14,88.76,FLOODED
Zone_D,4.62,68.15,FLOODED
Zone_D,3.36,57.14,NORMAL
Zone_D,3.96,65.91,FLOODED
Zone_D,1.78,49.33,NORMAL
Zone_D,3.13,32.62,NORMAL
Zone_D,6.79,18.27,FLOODED
Zone_D,3.21,50.99,NORMAL
Zone_D,6.25,41.67,FLOODED
Zone_D,5.59,85.64,FLOODED
Zone_D,3.21,39.28,NORMAL
Zone_D,3.46,83.29,FLOODED
Zone_D,1.74,30.84,NORMAL
Zone_D,5.24,56.54,FLOODED
Zone_D,3.9,53.99,NORMAL
Zone_D,2.59,43.07,NORMAL
Zone_D,4.26,90.12,FLOODED
Zone_D,2.93,86.78,FLOODED
Zone_D,5.04,2.03,FLOODED
Zone_D,5.49,3.56,FLOODED
Zone_D,6.99,87.26,FLOODED
Zone_D,3.14,25.74,NORMAL
Zone_D,3.6,35.62,NORMAL
