event_id,rainfall_mm,gauge_level_m,call_volume,risk_label
HIST-LOW-0001,22.7,1.82,28,LOW
HIST-LOW-0002,28.6,1.78,22,LOW
HIST-LOW-0003,29.0,2.2,20,LOW
HIST-LOW-0004,22.9,1.69,20,LOW
HIST-LOW-0005,21.2,1.08,11,LOW
HIST-LOW-0006,16.5,1.45,26,LOW
HIST-LOW-0007,14.5,1.29,34,LOW
HIST-LOW-0008,18.5,1.91,14,LOW
HIST-LOW-0009,16.6,1.93,15,LOW
HIST-LOW-0010,22.0,1.63,21,LOW
HIST-LOW-0011,16.3,2.66,23,LOW
HIST-LOW-0012,13.7,2.23,15,LOW
HIST-LOW-0013,21.0,1.06,14,LOW
HIST-LOW-0014,20.9,2.19,25,LOW
HIST-LOW-0015,19.1,1.75,13,LOW
HIST-LOW-0016,15.6,1.69,31,LOW
HIST-LOW-0017,21.8,1.14,26,LOW
HIST-LOW-0018,17.6,1.6,28,LOW
HIST-LOW-0019,25.8,2.27,18,LOW
HIST-LOW-0020,18.0,2.02,30,LOW
HIST-LOW-0021,17.0,1.8,16,LOW
HIST-LOW-0022,12.9,2.22,33,LOW
HIST-LOW-0023,19.4,2.3,26,LOW
HIST-LOW-0024,16.1,2.03,34,LOW
HIST-LOW-0025,19.6,2.54,8,LOW
HIST-LOW-0026,24.6,1.92,21,LOW
HIST-LOW-0027,20.3,1.05,22,LOW
HIST-LOW-0028,21.9,2.5,20,LOW
HIST-LOW-0029,15.1,1.67,30,LOW
HIST-LOW-0030,21.7,1.66,27,LOW
HIST-LOW-0031,20.4,2.29,19,LOW
HIST-LOW-0032,17.9,1.72,13,LOW
HIST-LOW-0033,21.5,1.99,24,LOW
HIST-LOW-0034,18.4,1.29,21,LOW
HIST-LOW-0035,17.8,1.54,22,LOW
HIST-LOW-0036,22.1,2.67,25,LOW
HIST-LOW-0037,21.3,1.85,10,LOW
HIST-LOW-0038,19.6,1.91,41,LOW
HIST-LOW-0039,18.7,2.01,23,LOW
HIST-LOW-0040,13.0,2.36,29,LOW
HIST-LOW-0041,24.4,1.5,33,LOW
HIST-LOW-0042,11.7,2.13,39,LOW
HIST-LOW-0043,14.1,1.64,24,LOW
HIST-LOW-0044,16.9,1.23,24,LOW
HIST-LOW-0045,13.6,2.08,17,LOW
HIST-LOW-0046,28.8,1.55,21,LOW
HIST-LOW-0047,24.5,1.36,25,LOW
HIST-LOW-0048,27.4,1.2,25,LOW
HIST-LOW-0049,21.3,2.21,15,LOW
HIST-LOW-0050,12.1,2.1,26,LOW
HIST-LOW-0051,21.3,2.03,19,LOW
HIST-LOW-0052,21.1,2.0,18,LOW
HIST-LOW-0053,30.6,2.08,15,LOW
HIST-LOW-0054,23.6,1.47,29,LOW
HIST-LOW-0055,26.5,1.54,30,LOW
HIST-LOW-0056,22.2,2.23,37,LOW
HIST-LOW-0057,18.4,1.56,17,LOW
HIST-LOW-0058,15.1,1.85,26,LOW
HIST-LOW-0059,21.4,2.23,24,LOW
HIST-LOW-0060,28.2,1.77,43,LOW
HIST-LOW-0061,23.4,1.52,16,LOW
HIST-LOW-0062,22.6,1.79,28,LOW
HIST-LOW-0063,22.5,1.85,18,LOW
HIST-LOW-0064,11.0,1.69,29,LOW
HIST-LOW-0065,21.0,1.36,25,LOW
HIST-LOW-0066,22.0,1.51,25,LOW
HIST-LOW-0067,20.1,1.4,26,LOW
HIST-LOW-0068,23.1,2.33,31,LOW
HIST-LOW-0069,11.8,1.49,27,LOW
HIST-LOW-0070,22.8,2.1,48,LOW
HIST-LOW-0071,23.1,2.36,30,LOW
HIST-LOW-0072,23.6,1.75,29,LOW
HIST-LOW-0073,15.3,1.78,20,LOW
HIST-LOW-0074,20.3,2.85,10,LOW
HIST-LOW-0075,23.8,1.2,20,LOW
HIST-LOW-0076,26.1,1.91,16,LOW
HIST-LOW-0077,15.7,2.17,18,LOW
HIST-LOW-0078,21.1,1.9,19,LOW
HIST-LOW-0079,32.2,2.15,9,LOW
HIST-LOW-0080,20.9,1.6,29,LOW
HIST-LOW-0081,15.2,1.83,27,LOW
HIST-LOW-0082,24.8,1.38,21,LOW
HIST-LOW-0083,17.0,1.61,36,LOW
HIST-LOW-0084,22.1,1.35,30,LOW
HIST-LOW-0085,32.1,2.31,13,LOW
HIST-LOW-0086,17.0,2.41,19,LOW
HIST-LOW-0087,22.4,2.21,17,LOW
HIST-LOW-0088,19.5,0.8,16,LOW
HIST-LOW-0089,18.3,1.36,35,LOW
HIST-LOW-0090,11.5,1.7,24,LOW
HIST-LOW-0091,28.2,1.28,32,LOW
HIST-LOW-0092,19.9,1.47,27,LOW
HIST-LOW-0093,21.0,1.63,24,LOW
HIST-LOW-0094,17.6,1.93,28,LOW
HIST-LOW-0095,29.0,1.36,38,LOW
HIST-LOW-0096,8.5,1.82,28,LOW
HIST-LOW-0097,21.4,1.62,22,LOW
HIST-LOW-0098,16.9,1.63,29,LOW
HIST-LOW-0099,21.9,1.59,30,LOW
HIST-LOW-0100,21.6,2.22,28,LOW
HIST-LOW-0101,15.0,1.64,29,LOW
HIST-LOW-0102,23.3,1.87,24,LOW
HIST-LOW-0103,27.2,1.63,27,LOW
HIST-LOW-0104,18.6,1.79,31,LOW
HIST-LOW-0105,24.6,2.22,33,LOW
HIST-LOW-0106,19.9,2.17,21,LOW
HIST-LOW-0107,21.7,1.83,24,LOW
HIST-LOW-0108,23.3,1.54,38,LOW
HIST-LOW-0109,14.0,1.37,32,LOW
HIST-LOW-0110,24.4,2.14,28,LOW
HIST-LOW-0111,19.7,1.5,24,LOW
HIST-LOW-0112,15.9,2.29,22,LOW
HIST-LOW-0113,15.0,1.75,26,LOW
HIST-LOW-0114,16.5,1.53,25,LOW
HIST-LOW-0115,21.2,1.67,20,LOW
HIST-LOW-0116,21.1,1.27,14,LOW
HIST-LOW-0117,15.6,1.79,26,LOW
HIST-LOW-0118,28.4,2.24,22,LOW
HIST-LOW-0119,19.7,1.46,23,LOW
HIST-LOW-0120,18.1,2.02,18,LOW
HIST-LOW-0121,22.8,2.52,23,LOW
HIST-LOW-0122,22.1,2.17,21,LOW
HIST-LOW-0123,21.1,1.89,24,LOW
HIST-LOW-0124,15.3,1.89,27,LOW
HIST-LOW-0125,28.2,2.28,39,LOW
HIST-LOW-0126,15.3,2.25,25,LOW
HIST-LOW-0127,32.5,1.54,18,LOW
HIST-LOW-0128,16.3,0.99,20,LOW
HIST-LOW-0129,15.4,1.94,26,LOW
HIST-LOW-0130,30.7,2.28,19,LOW
HIST-LOW-0131,14.6,2.09,14,LOW
HIST-LOW-0132,30.4,2.38,20,LOW
HIST-LOW-0133,9.9,2.45,23,LOW
HIST-LOW-0134,27.0,1.21,19,LOW
HIST-LOW-0135,19.8,1.9,20,LOW
HIST-LOW-0136,23.4,1.43,23,LOW
HIST-LOW-0137,20.5,2.1,28,LOW
HIST-LOW-0138,13.3,1.24,32,LOW
HIST-LOW-0139,21.7,1.57,34,LOW
HIST-LOW-0140,20.5,2.38,24,LOW
HIST-LOW-0141,31.8,2.62,22,LOW
HIST-LOW-0142,25.4,2.15,33,LOW
HIST-LOW-0143,14.2,2.17,31,LOW
HIST-LOW-0144,9.6,1.38,9,LOW
HIST-LOW-0145,18.2,2.18,34,LOW
HIST-LOW-0146,20.2,2.56,14,LOW
HIST-LOW-0147,9.9,1.86,26,LOW
HIST-LOW-0148,19.6,1.01,23,LOW
HIST-LOW-0149,12.2,2.16,26,LOW
HIST-LOW-0150,14.3,1.66,16,LOW
HIST-LOW-0151,19.4,2.28,17,LOW
HIST-LOW-0152,22.7,1.66,18,LOW
HIST-LOW-0153,19.2,1.45,20,LOW
HIST-LOW-0154,12.9,2.71,24,LOW
HIST-LOW-0155,15.7,1.97,23,LOW
HIST-LOW-0156,18.5,2.14,29,LOW
HIST-LOW-0157,16.7,1.64,22,LOW
HIST-LOW-0158,6.4,1.24,33,LOW
HIST-LOW-0159,29.3,1.78,28,LOW
HIST-LOW-0160,21.6,2.9,31,LOW
HIST-LOW-0161,19.1,1.48,12,LOW
HIST-LOW-0162,21.0,1.56,14,LOW
HIST-LOW-0163,16.0,1.43,35,LOW
HIST-LOW-0164,24.9,1.88,34,LOW
HIST-LOW-0165,20.2,1.52,34,LOW
HIST-LOW-0166,22.9,1.44,22,LOW
HIST-LOW-0167,14.7,1.3,30,LOW
HIST-LOW-0168,30.9,1.29,27,LOW
HIST-LOW-0169,16.0,1.68,19,LOW
HIST-LOW-0170,14.8,1.9,18,LOW
HIST-LOW-0171,21.4,1.86,22,LOW
HIST-LOW-0172,14.5,1.64,29,LOW
HIST-LOW-0173,22.7,1.47,24,LOW
HIST-LOW-0174,24.2,1.18,27,LOW
HIST-LOW-0175,16.0,2.12,18,LOW
HIST-LOW-0176,9.3,1.2,24,LOW
HIST-LOW-0177,21.3,1.5,28,LOW
HIST-LOW-0178,10.2,1.85,15,LOW
HIST-LOW-0179,16.0,1.9,17,LOW
HIST-LOW-0180,17.6,2.3,19,LOW
HIST-LOW-0181,24.6,1.41,27,LOW
HIST-LOW-0182,28.2,0.84,18,LOW
HIST-LOW-0183,23.1,1.79,26,LOW
HIST-LOW-0184,16.3,1.92,22,LOW
HIST-LOW-0185,26.6,1.99,26,LOW
HIST-LOW-0186,17.4,1.68,20,LOW
HIST-LOW-0187,22.1,1.7,26,LOW
HIST-LOW-0188,31.8,2.25,21,LOW
HIST-LOW-0189,26.8,1.71,9,LOW
HIST-LOW-0190,14.0,1.09,21,LOW
HIST-LOW-0191,19.9,2.58,26,LOW
HIST-LOW-0192,18.5,2.23,8,LOW
HIST-LOW-0193,21.2,2.2,13,LOW
HIST-LOW-0194,26.4,2.02,21,LOW
HIST-LOW-0195,23.5,2.83,25,LOW
HIST-LOW-0196,21.2,1.69,18,LOW
HIST-LOW-0197,24.6,1.52,24,LOW
HIST-LOW-0198,17.0,2.08,26,LOW
HIST-LOW-0199,25.8,1.67,22,LOW
HIST-LOW-0200,14.1,1.69,26,LOW
HIST-LOW-0201,24.2,1.49,30,LOW
HIST-LOW-0202,27.7,2.05,37,LOW
HIST-LOW-0203,15.3,1.36,11,LOW
HIST-LOW-0204,28.5,2.15,23,LOW
HIST-LOW-0205,21.4,1.41,41,LOW
HIST-LOW-0206,20.5,1.93,29,LOW
HIST-LOW-0207,22.6,1.97,18,LOW
HIST-LOW-0208,22.5,2.67,33,LOW
HIST-LOW-0209,29.0,1.67,17,LOW
HIST-LOW-0210,19.1,1.9,31,LOW
HIST-LOW-0211,10.0,2.52,22,LOW
HIST-LOW-0212,17.3,1.45,12,LOW
HIST-LOW-0213,24.6,1.91,14,LOW
HIST-LOW-0214,12.3,1.74,35,LOW
HIST-LOW-0215,18.3,1.25,22,LOW
HIST-LOW-0216,18.2,0.8,23,LOW
HIST-LOW-0217,18.5,2.17,36,LOW
HIST-LOW-0218,26.3,1.77,16,LOW
HIST-LOW-0219,34.7,1.9,24,LOW
HIST-LOW-0220,19.7,1.96,22,LOW
HIST-LOW-0221,16.5,1.65,23,LOW
HIST-LOW-0222,16.6,1.58,24,LOW
HIST-LOW-0223,18.3,2.51,8,LOW
HIST-LOW-0224,26.1,2.4,9,LOW
HIST-LOW-0225,17.8,1.72,14,LOW
HIST-LOW-0226,15.3,1.41,36,LOW
HIST-LOW-0227,25.2,2.41,29,LOW
HIST-LOW-0228,13.3,1.66,27,LOW
HIST-LOW-0229,12.7,2.18,22,LOW
HIST-LOW-0230,17.6,2.18,27,LOW
HIST-LOW-0231,17.7,2.37,16,LOW
HIST-LOW-0232,23.4,2.13,21,LOW
HIST-LOW-0233,21.7,1.35,30,LOW
HIST-LOW-0234,18.7,1.66,31,LOW
HIST-LOW-0235,15.7,1.29,13,LOW
HIST-LOW-0236,23.3,1.34,36,LOW
HIST-LOW-0237,7.7,2.59,25,LOW
HIST-LOW-0238,19.2,1.65,26,LOW
HIST-LOW-0239,19.6,2.34,24,LOW
HIST-LOW-0240,20.7,1.73,23,LOW
HIST-LOW-0241,21.6,1.16,14,LOW
HIST-LOW-0242,24.1,1.95,22,LOW
HIST-LOW-0243,19.9,2.03,20,LOW
HIST-LOW-0244,15.3,1.96,17,LOW
HIST-LOW-0245,22.2,1.16,31,LOW
HIST-LOW-0246,22.5,1.99,30,LOW
HIST-LOW-0247,29.5,2.31,11,LOW
HIST-LOW-0248,12.4,1.62,24,LOW
HIST-LOW-0249,22.8,1.58,25,LOW
HIST-LOW-0250,15.4,1.62,14,LOW
HIST-LOW-0251,14.4,1.31,17,LOW
HIST-LOW-0252,25.9,1.48,42,LOW
HIST-LOW-0253,22.7,1.96,17,LOW
HIST-LOW-0254,23.9,1.64,24,LOW
HIST-LOW-0255,34.6,1.84,32,LOW
HIST-LOW-0256,15.7,1.87,36,LOW
HIST-LOW-0257,16.2,2.64,28,LOW
HIST-LOW-0258,16.5,2.15,30,LOW
HIST-LOW-0259,23.4,1.22,18,LOW
HIST-LOW-0260,18.4,1.85,28,LOW
HIST-LOW-0261,20.8,1.32,26,LOW
HIST-LOW-0262,23.3,2.12,31,LOW
HIST-LOW-0263,24.6,2.07,23,LOW
HIST-LOW-0264,10.2,2.06,25,LOW
HIST-LOW-0265,21.4,1.34,16,LOW
HIST-LOW-0266,25.9,1.86,28,LOW
HIST-LOW-0267,20.0,1.89,30,LOW
HIST-LOW-0268,16.8,1.92,20,LOW
HIST-LOW-0269,17.3,1.75,25,LOW
HIST-LOW-0270,17.0,2.41,17,LOW
HIST-LOW-0271,18.7,1.7,34,LOW
HIST-LOW-0272,20.9,2.31,13,LOW
HIST-LOW-0273,21.3,2.25,24,LOW
HIST-LOW-0274,26.0,1.66,33,LOW
HIST-LOW-0275,33.1,1.73,20,LOW
HIST-LOW-0276,28.2,2.54,20,LOW
HIST-LOW-0277,17.4,1.76,14,LOW
HIST-LOW-0278,14.5,1.46,18,LOW
HIST-LOW-0279,19.6,1.98,34,LOW
HIST-LOW-0280,14.0,2.29,22,LOW
HIST-LOW-0281,19.5,2.16,16,LOW
HIST-LOW-0282,22.0,1.95,27,LOW
HIST-LOW-0283,21.5,2.9,19,LOW
HIST-LOW-0284,16.7,1.62,20,LOW
HIST-LOW-0285,16.1,2.38,33,LOW
HIST-LOW-0286,16.5,1.53,27,LOW
HIST-LOW-0287,16.6,2.15,25,LOW
HIST-LOW-0288,11.0,2.53,36,LOW
HIST-LOW-0289,16.2,1.72,26,LOW
HIST-LOW-0290,21.7,2.16,38,LOW
HIST-LOW-0291,18.8,1.54,14,LOW
HIST-LOW-0292,15.6,1.87,36,LOW
HIST-LOW-0293,16.8,1.97,23,LOW
HIST-LOW-0294,26.7,2.9,20,LOW
HIST-LOW-0295,17.0,2.32,28,LOW
HIST-LOW-0296,30.5,2.13,21,LOW
HIST-LOW-0297,23.2,2.35,29,LOW
HIST-LOW-0298,22.7,2.33,32,LOW
HIST-LOW-0299,27.8,2.15,22,LOW
HIST-LOW-0300,20.7,2.39,18,LOW
HIST-LOW-0301,21.9,1.71,24,LOW
HIST-LOW-0302,27.2,1.96,24,LOW
HIST-LOW-0303,11.9,2.19,28,LOW
HIST-LOW-0304,32.3,1.75,25,LOW
HIST-LOW-0305,21.2,2.54,23,LOW
HIST-LOW-0306,21.4,2.14,25,LOW
HIST-LOW-0307,17.2,1.96,31,LOW
HIST-LOW-0308,13.8,1.94,19,LOW
HIST-LOW-0309,26.7,1.24,20,LOW
HIST-LOW-0310,22.0,2.54,23,LOW
HIST-LOW-0311,16.6,2.67,13,LOW
HIST-LOW-0312,7.0,2.06,20,LOW
HIST-LOW-0313,13.9,2.18,25,LOW
HIST-LOW-0314,16.5,1.34,30,LOW
HIST-LOW-0315,23.6,1.84,36,LOW
HIST-LOW-0316,13.6,1.24,19,LOW
HIST-LOW-0317,19.5,1.98,22,LOW
HIST-LOW-0318,21.8,1.35,34,LOW
HIST-LOW-0319,19.3,2.35,26,LOW
HIST-LOW-0320,22.4,2.12,27,LOW
HIST-LOW-0321,23.5,2.44,25,LOW
HIST-LOW-0322,23.9,1.84,34,LOW
HIST-LOW-0323,15.9,2.64,23,LOW
HIST-LOW-0324,11.5,1.93,19,LOW
HIST-LOW-0325,24.7,1.61,20,LOW
HIST-LOW-0326,8.8,1.69,8,LOW
HIST-LOW-0327,10.6,2.2,29,LOW
HIST-LOW-0328,22.3,1.47,23,LOW
HIST-LOW-0329,19.8,1.39,34,LOW
HIST-LOW-0330,24.9,1.79,24,LOW
HIST-LOW-0331,21.0,1.02,22,LOW
HIST-LOW-0332,15.8,1.46,22,LOW
HIST-LOW-0333,30.2,2.15,20,LOW
HIST-LOW-0334,23.1,2.47,30,LOW
HIST-LOW-0335,20.1,1.61,28,LOW
HIST-LOW-0336,22.1,2.26,28,LOW
HIST-LOW-0337,25.9,1.66,33,LOW
HIST-LOW-0338,20.9,2.75,19,LOW
HIST-LOW-0339,29.9,1.96,19,LOW
HIST-LOW-0340,17.0,1.75,26,LOW
HIST-LOW-0341,22.8,1.64,23,LOW
HIST-LOW-0342,32.2,2.61,27,LOW
HIST-LOW-0343,20.0,1.93,28,LOW
HIST-LOW-0344,13.9,1.77,12,LOW
HIST-LOW-0345,22.1,2.15,20,LOW
HIST-LOW-0346,28.9,1.37,13,LOW
HIST-LOW-0347,21.1,2.32,35,LOW
HIST-LOW-0348,17.1,2.33,23,LOW
HIST-LOW-0349,18.8,2.25,28,LOW
HIST-LOW-0350,10.7,2.5,33,LOW
HIST-LOW-0351,16.2,2.05,27,LOW
HIST-LOW-0352,21.3,1.65,19,LOW
HIST-LOW-0353,19.7,2.37,27,LOW
HIST-LOW-0354,17.7,2.2,8,LOW
HIST-LOW-0355,26.5,1.15,21,LOW
HIST-LOW-0356,13.3,1.34,32,LOW
HIST-LOW-0357,17.1,2.03,23,LOW
HIST-LOW-0358,22.6,1.91,15,LOW
HIST-LOW-0359,25.6,1.67,13,LOW
HIST-LOW-0360,17.3,2.51,29,LOW
HIST-LOW-0361,17.8,1.73,21,LOW
HIST-LOW-0362,31.8,2.04,27,LOW
HIST-LOW-0363,25.8,1.98,22,LOW
HIST-LOW-0364,18.7,1.85,23,LOW
HIST-LOW-0365,24.0,1.9,29,LOW
HIST-LOW-0366,19.3,1.91,10,LOW
HIST-LOW-0367,25.1,2.03,30,LOW
HIST-LOW-0368,5.0,2.76,23,LOW
HIST-LOW-0369,26.2,1.44,28,LOW
HIST-LOW-0370,13.7,1.62,37,LOW
HIST-LOW-0371,18.7,1.97,30,LOW
HIST-LOW-0372,22.7,1.94,26,LOW
HIST-LOW-0373,33.7,1.86,25,LOW
HIST-LOW-0374,25.9,2.34,32,LOW
HIST-LOW-0375,23.5,1.4,35,LOW
HIST-LOW-0376,13.2,2.01,18,LOW
HIST-LOW-0377,19.4,2.02,26,LOW
HIST-LOW-0378,22.2,2.56,27,LOW
HIST-LOW-0379,18.4,2.28,32,LOW
HIST-LOW-0380,12.7,2.13,28,LOW
HIST-LOW-0381,18.1,2.46,22,LOW
HIST-LOW-0382,20.5,1.81,24,LOW
HIST-LOW-0383,13.4,1.28,35,LOW
HIST-LOW-0384,14.9,1.46,8,LOW
HIST-LOW-0385,16.1,1.32,35,LOW
HIST-LOW-0386,25.7,1.59,39,LOW
HIST-LOW-0387,25.5,1.74,8,LOW
HIST-LOW-0388,33.1,1.3,12,LOW
HIST-LOW-0389,25.7,2.9,33,LOW
HIST-LOW-0390,23.1,2.13,29,LOW
HIST-LOW-0391,24.2,2.0,24,LOW
HIST-LOW-0392,19.4,1.56,22,LOW
HIST-LOW-0393,10.0,1.84,17,LOW
HIST-LOW-0394,13.4,1.96,33,LOW
HIST-LOW-0395,25.1,1.22,17,LOW
HIST-LOW-0396,25.3,1.47,22,LOW
HIST-LOW-0397,23.0,1.47,24,LOW
HIST-LOW-0398,12.1,1.63,26,LOW
HIST-LOW-0399,10.6,2.06,23,LOW
HIST-LOW-0400,23.0,1.97,33,LOW
HIST-MOD-0001,64.3,3.52,96,MODERATE
HIST-MOD-0002,68.0,3.7,94,MODERATE
HIST-MOD-0003,57.0,3.43,65,MODERATE
HIST-MOD-0004,78.6,3.21,80,MODERATE
HIST-MOD-0005,56.9,4.02,88,MODERATE
HIST-MOD-0006,74.2,3.42,99,MODERATE
HIST-MOD-0007,55.8,4.48,70,MODERATE
HIST-MOD-0008,65.9,3.92,102,MODERATE
HIST-MOD-0009,61.6,3.63,94,MODERATE
HIST-MOD-0010,61.9,4.05,138,MODERATE
HIST-MOD-0011,58.3,3.16,92,MODERATE
HIST-MOD-0012,84.0,3.37,126,MODERATE
HIST-MOD-0013,78.0,3.47,105,MODERATE
HIST-MOD-0014,77.5,3.54,89,MODERATE
HIST-MOD-0015,58.1,3.29,81,MODERATE
HIST-MOD-0016,52.4,3.69,78,MODERATE
HIST-MOD-0017,65.3,3.09,100,MODERATE
HIST-MOD-0018,70.5,2.92,101,MODERATE
HIST-MOD-0019,74.0,3.22,127,MODERATE
HIST-MOD-0020,66.9,3.41,92,MODERATE
HIST-MOD-0021,68.1,3.71,104,MODERATE
HIST-MOD-0022,55.1,3.74,65,MODERATE
HIST-MOD-0023,62.2,3.34,79,MODERATE
HIST-MOD-0024,74.1,4.09,106,MODERATE
HIST-MOD-0025,53.6,3.56,118,MODERATE
HIST-MOD-0026,64.4,4.48,101,MODERATE
HIST-MOD-0027,64.9,3.56,96,MODERATE
HIST-MOD-0028,61.9,3.95,113,MODERATE
HIST-MOD-0029,56.3,3.17,57,MODERATE
HIST-MOD-0030,67.7,3.26,50,MODERATE
HIST-MOD-0031,66.6,4.48,93,MODERATE
HIST-MOD-0032,70.6,3.71,92,MODERATE
HIST-MOD-0033,71.3,3.57,99,MODERATE
HIST-MOD-0034,66.0,3.43,113,MODERATE
HIST-MOD-0035,61.7,3.39,104,MODERATE
HIST-MOD-0036,55.3,3.69,93,MODERATE
HIST-MOD-0037,72.8,3.86,93,MODERATE
HIST-MOD-0038,70.4,4.21,105,MODERATE
HIST-MOD-0039,63.3,3.18,72,MODERATE
HIST-MOD-0040,60.5,3.45,90,MODERATE
HIST-MOD-0041,63.7,3.88,92,MODERATE
HIST-MOD-0042,67.5,3.7,54,MODERATE
HIST-MOD-0043,54.9,3.63,69,MODERATE
HIST-MOD-0044,68.5,4.26,118,MODERATE
HIST-MOD-0045,61.3,4.25,96,MODERATE
HIST-MOD-0046,60.2,3.45,87,MODERATE
HIST-MOD-0047,59.8,3.74,97,MODERATE
HIST-MOD-0048,63.2,3.85,117,MODERATE
HIST-MOD-0049,71.6,3.12,45,MODERATE
HIST-MOD-0050,71.4,3.16,89,MODERATE
HIST-MOD-0051,52.9,3.0,104,MODERATE
HIST-MOD-0052,69.9,3.46,45,MODERATE
HIST-MOD-0053,58.4,3.83,64,MODERATE
HIST-MOD-0054,64.8,3.67,105,MODERATE
HIST-MOD-0055,64.3,3.31,117,MODERATE
HIST-MOD-0056,61.8,3.67,75,MODERATE
HIST-MOD-0057,59.3,3.34,90,MODERATE
HIST-MOD-0058,78.3,3.16,61,MODERATE
HIST-MOD-0059,76.1,3.6,80,MODERATE
HIST-MOD-0060,72.4,3.45,130,MODERATE
HIST-MOD-0061,69.2,3.49,137,MODERATE
HIST-MOD-0062,57.9,3.96,99,MODERATE
HIST-MOD-0063,74.7,4.27,94,MODERATE
HIST-MOD-0064,56.6,3.85,80,MODERATE
HIST-MOD-0065,80.9,3.73,86,MODERATE
HIST-MOD-0066,64.8,3.17,74,MODERATE
HIST-MOD-0067,73.8,3.43,73,MODERATE
HIST-MOD-0068,67.9,4.13,108,MODERATE
HIST-MOD-0069,72.0,3.39,65,MODERATE
HIST-MOD-0070,76.4,3.56,88,MODERATE
HIST-MOD-0071,74.9,3.89,103,MODERATE
HIST-MOD-0072,82.3,3.44,112,MODERATE
HIST-MOD-0073,63.7,3.78,124,MODERATE
HIST-MOD-0074,67.7,3.88,115,MODERATE
HIST-MOD-0075,60.0,3.36,73,MODERATE
HIST-MOD-0076,45.9,4.46,71,MODERATE
HIST-MOD-0077,61.3,3.57,100,MODERATE
HIST-MOD-0078,70.4,4.01,82,MODERATE
HIST-MOD-0079,61.7,3.79,89,MODERATE
HIST-MOD-0080,77.3,3.87,108,MODERATE
HIST-MOD-0081,69.0,4.13,97,MODERATE
HIST-MOD-0082,51.8,3.83,80,MODERATE
HIST-MOD-0083,58.5,3.9,118,MODERATE
HIST-MOD-0084,63.4,3.8,128,MODERATE
HIST-MOD-0085,65.3,4.48,105,MODERATE
HIST-MOD-0086,47.7,3.97,101,MODERATE
HIST-MOD-0087,74.5,3.94,91,MODERATE
HIST-MOD-0088,52.4,3.6,76,MODERATE
HIST-MOD-0089,58.1,3.9,127,MODERATE
HIST-MOD-0090,66.7,3.23,102,MODERATE
HIST-MOD-0091,73.7,3.45,91,MODERATE
HIST-MOD-0092,63.3,3.38,106,MODERATE
HIST-MOD-0093,62.1,3.84,76,MODERATE
HIST-MOD-0094,59.4,3.95,86,MODERATE
HIST-MOD-0095,78.4,3.53,98,MODERATE
HIST-MOD-0096,71.4,3.14,58,MODERATE
HIST-MOD-0097,49.8,4.16,82,MODERATE
HIST-MOD-0098,84.0,3.47,97,MODERATE
HIST-MOD-0099,76.8,4.44,135,MODERATE
HIST-MOD-0100,73.8,4.07,105,MODERATE
HIST-MOD-0101,70.0,3.47,77,MODERATE
HIST-MOD-0102,63.2,3.62,84,MODERATE
HIST-MOD-0103,69.3,4.04,95,MODERATE
HIST-MOD-0104,76.2,3.25,90,MODERATE
HIST-MOD-0105,56.9,2.97,92,MODERATE
HIST-MOD-0106,62.1,4.26,106,MODERATE
HIST-MOD-0107,54.2,4.38,118,MODERATE
HIST-MOD-0108,68.3,3.59,74,MODERATE
HIST-MOD-0109,59.9,4.09,131,MODERATE
HIST-MOD-0110,76.8,3.49,71,MODERATE
HIST-MOD-0111,64.4,3.01,100,MODERATE
HIST-MOD-0112,61.9,3.5,62,MODERATE
HIST-MOD-0113,67.7,3.48,70,MODERATE
HIST-MOD-0114,40.0,3.67,129,MODERATE
HIST-MOD-0115,77.8,3.51,81,MODERATE
HIST-MOD-0116,67.3,3.3,100,MODERATE
HIST-MOD-0117,69.9,4.15,91,MODERATE
HIST-MOD-0118,61.4,3.35,77,MODERATE
HIST-MOD-0119,61.2,3.82,112,MODERATE
HIST-MOD-0120,56.1,4.25,88,MODERATE
HIST-MOD-0121,63.0,3.4,45,MODERATE
HIST-MOD-0122,71.0,3.96,88,MODERATE
HIST-MOD-0123,63.8,3.88,62,MODERATE
HIST-MOD-0124,58.5,3.98,68,MODERATE
HIST-MOD-0125,65.8,3.16,103,MODERATE
HIST-MOD-0126,62.9,3.07,117,MODERATE
HIST-MOD-0127,56.7,3.37,98,MODERATE
HIST-MOD-0128,73.3,3.29,95,MODERATE
HIST-MOD-0129,67.0,3.94,97,MODERATE
HIST-MOD-0130,60.0,3.37,95,MODERATE
HIST-MOD-0131,53.8,2.9,102,MODERATE
HIST-MOD-0132,71.2,2.9,73,MODERATE
HIST-MOD-0133,68.6,4.46,94,MODERATE
HIST-MOD-0134,56.8,3.61,121,MODERATE
HIST-MOD-0135,57.5,3.38,84,MODERATE
HIST-MOD-0136,54.8,3.73,126,MODERATE
HIST-MOD-0137,66.0,3.58,88,MODERATE
HIST-MOD-0138,49.4,4.02,92,MODERATE
HIST-MOD-0139,61.6,4.48,99,MODERATE
HIST-MOD-0140,56.6,3.52,116,MODERATE
HIST-MOD-0141,64.2,3.13,112,MODERATE
HIST-MOD-0142,57.3,4.39,115,MODERATE
HIST-MOD-0143,59.3,4.17,95,MODERATE
HIST-MOD-0144,70.7,3.86,77,MODERATE
HIST-MOD-0145,57.5,4.07,87,MODERATE
HIST-MOD-0146,59.6,3.32,102,MODERATE
HIST-MOD-0147,81.4,3.27,94,MODERATE
HIST-MOD-0148,75.6,3.65,103,MODERATE
HIST-MOD-0149,53.9,3.84,90,MODERATE
HIST-MOD-0150,71.9,4.13,145,MODERATE
HIST-MOD-0151,68.3,3.8,97,MODERATE
HIST-MOD-0152,60.1,3.81,88,MODERATE
HIST-MOD-0153,64.7,4.18,73,MODERATE
HIST-MOD-0154,73.2,4.18,91,MODERATE
HIST-MOD-0155,44.5,3.45,119,MODERATE
HIST-MOD-0156,63.0,3.3,83,MODERATE
HIST-MOD-0157,70.6,3.89,89,MODERATE
HIST-MOD-0158,60.0,3.53,75,MODERATE
HIST-MOD-0159,77.4,3.56,118,MODERATE
HIST-MOD-0160,76.6,4.06,85,MODERATE
HIST-MOD-0161,66.8,3.67,75,MODERATE
HIST-MOD-0162,66.1,3.23,117,MODERATE
HIST-MOD-0163,59.1,3.76,99,MODERATE
HIST-MOD-0164,60.9,3.9,84,MODERATE
HIST-MOD-0165,70.9,3.17,96,MODERATE
HIST-MOD-0166,80.3,3.3,80,MODERATE
HIST-MOD-0167,67.7,3.75,101,MODERATE
HIST-MOD-0168,67.5,3.92,116,MODERATE
HIST-MOD-0169,66.8,3.59,107,MODERATE
HIST-MOD-0170,79.9,3.63,74,MODERATE
HIST-MOD-0171,72.9,3.63,50,MODERATE
HIST-MOD-0172,70.7,3.48,92,MODERATE
HIST-MOD-0173,66.1,3.75,108,MODERATE
HIST-MOD-0174,59.4,3.87,88,MODERATE
HIST-MOD-0175,69.7,3.91,75,MODERATE
HIST-MOD-0176,72.8,3.48,110,MODERATE
HIST-MOD-0177,66.4,4.38,89,MODERATE
HIST-MOD-0178,60.1,3.67,87,MODERATE
HIST-MOD-0179,70.2,3.07,72,MODERATE
HIST-MOD-0180,53.8,4.04,128,MODERATE
HIST-MOD-0181,62.3,3.62,95,MODERATE
HIST-MOD-0182,73.4,3.33,98,MODERATE
HIST-MOD-0183,71.8,3.87,97,MODERATE
HIST-MOD-0184,72.0,2.9,107,MODERATE
HIST-MOD-0185,57.4,2.98,104,MODERATE
HIST-MOD-0186,75.3,3.63,113,MODERATE
HIST-MOD-0187,77.4,4.18,126,MODERATE
HIST-MOD-0188,69.7,3.71,61,MODERATE
HIST-MOD-0189,61.0,3.36,137,MODERATE
HIST-MOD-0190,61.7,3.73,105,MODERATE
HIST-MOD-0191,63.6,4.32,81,MODERATE
HIST-MOD-0192,64.9,3.4,67,MODERATE
HIST-MOD-0193,57.8,3.67,85,MODERATE
HIST-MOD-0194,57.1,3.15,92,MODERATE
HIST-MOD-0195,50.0,3.97,95,MODERATE
HIST-MOD-0196,50.4,3.56,78,MODERATE
HIST-MOD-0197,66.0,4.19,56,MODERATE
HIST-MOD-0198,64.2,3.62,107,MODERATE
HIST-MOD-0199,65.1,3.39,87,MODERATE
HIST-MOD-0200,56.2,4.09,94,MODERATE
HIST-MOD-0201,79.9,3.66,79,MODERATE
HIST-MOD-0202,49.9,2.99,62,MODERATE
HIST-MOD-0203,65.6,3.87,62,MODERATE
HIST-MOD-0204,71.1,3.5,96,MODERATE
HIST-MOD-0205,77.4,4.02,88,MODERATE
HIST-MOD-0206,55.4,2.9,79,MODERATE
HIST-MOD-0207,61.3,3.3,91,MODERATE
HIST-MOD-0208,63.9,3.59,80,MODERATE
HIST-MOD-0209,64.7,3.85,72,MODERATE
HIST-MOD-0210,75.6,3.64,94,MODERATE
HIST-MOD-0211,69.4,3.77,113,MODERATE
HIST-MOD-0212,65.7,3.45,101,MODERATE
HIST-MOD-0213,53.1,3.72,93,MODERATE
HIST-MOD-0214,61.4,3.63,56,MODERATE
HIST-MOD-0215,58.4,3.72,97,MODERATE
HIST-MOD-0216,54.2,4.16,76,MODERATE
HIST-MOD-0217,71.7,3.84,81,MODERATE
HIST-MOD-0218,78.8,3.23,112,MODERATE
HIST-MOD-0219,72.0,3.43,121,MODERATE
HIST-MOD-0220,61.0,3.79,99,MODERATE
HIST-MOD-0221,62.0,3.99,109,MODERATE
HIST-MOD-0222,47.8,4.18,60,MODERATE
HIST-MOD-0223,72.3,4.11,72,MODERATE
HIST-MOD-0224,59.6,3.26,89,MODERATE
HIST-MOD-0225,60.5,3.98,120,MODERATE
HIST-MOD-0226,75.5,3.47,89,MODERATE
HIST-MOD-0227,48.4,3.37,113,MODERATE
HIST-MOD-0228,77.4,3.21,82,MODERATE
HIST-MOD-0229,63.0,3.79,77,MODERATE
HIST-MOD-0230,66.9,3.5,93,MODERATE
HIST-MOD-0231,68.0,3.68,85,MODERATE
HIST-MOD-0232,62.2,3.65,86,MODERATE
HIST-MOD-0233,60.9,4.29,105,MODERATE
HIST-MOD-0234,60.6,3.94,87,MODERATE
HIST-MOD-0235,73.5,3.82,91,MODERATE
HIST-MOD-0236,67.1,3.08,71,MODERATE
HIST-MOD-0237,52.7,3.73,128,MODERATE
HIST-MOD-0238,82.8,3.92,104,MODERATE
HIST-MOD-0239,47.4,3.47,78,MODERATE
HIST-MOD-0240,57.7,3.62,84,MODERATE
HIST-MOD-0241,45.8,3.96,72,MODERATE
HIST-MOD-0242,65.3,4.47,75,MODERATE
HIST-MOD-0243,40.9,3.57,116,MODERATE
HIST-MOD-0244,80.4,3.21,103,MODERATE
HIST-MOD-0245,59.1,3.64,145,MODERATE
HIST-MOD-0246,50.0,3.78,103,MODERATE
HIST-MOD-0247,72.8,3.72,100,MODERATE
HIST-MOD-0248,59.8,3.78,87,MODERATE
HIST-MOD-0249,68.7,3.54,101,MODERATE
HIST-MOD-0250,62.9,4.11,92,MODERATE
HIST-MOD-0251,47.6,4.16,75,MODERATE
HIST-MOD-0252,57.4,3.45,121,MODERATE
HIST-MOD-0253,44.4,4.48,115,MODERATE
HIST-MOD-0254,65.2,3.66,99,MODERATE
HIST-MOD-0255,67.8,3.93,105,MODERATE
HIST-MOD-0256,64.0,3.61,90,MODERATE
HIST-MOD-0257,61.5,4.11,105,MODERATE
HIST-MOD-0258,40.0,3.93,97,MODERATE
HIST-MOD-0259,63.0,3.53,116,MODERATE
HIST-MOD-0260,71.5,3.39,102,MODERATE
HIST-MOD-0261,54.6,3.16,81,MODERATE
HIST-MOD-0262,70.8,4.04,104,MODERATE
HIST-MOD-0263,69.6,3.88,81,MODERATE
HIST-MOD-0264,67.0,3.98,109,MODERATE
HIST-MOD-0265,73.7,3.95,101,MODERATE
HIST-MOD-0266,72.6,3.67,76,MODERATE
HIST-MOD-0267,61.8,3.4,80,MODERATE
HIST-MOD-0268,61.9,3.38,87,MODERATE
HIST-MOD-0269,46.5,3.76,94,MODERATE
HIST-MOD-0270,56.0,3.93,112,MODERATE
HIST-MOD-0271,49.1,3.39,78,MODERATE
HIST-MOD-0272,54.9,4.0,90,MODERATE
HIST-MOD-0273,60.9,2.92,106,MODERATE
HIST-MOD-0274,52.3,3.7,99,MODERATE
HIST-MOD-0275,75.2,3.18,45,MODERATE
HIST-MOD-0276,64.8,4.36,118,MODERATE
HIST-MOD-0277,65.0,3.49,110,MODERATE
HIST-MOD-0278,54.6,3.86,104,MODERATE
HIST-MOD-0279,72.5,4.48,101,MODERATE
HIST-MOD-0280,58.7,3.67,58,MODERATE
HIST-MOD-0281,57.1,3.52,83,MODERATE
HIST-MOD-0282,64.5,3.37,116,MODERATE
HIST-MOD-0283,63.2,3.68,87,MODERATE
HIST-MOD-0284,64.6,3.99,76,MODERATE
HIST-MOD-0285,57.4,3.56,67,MODERATE
HIST-MOD-0286,56.0,3.5,111,MODERATE
HIST-MOD-0287,65.5,3.75,111,MODERATE
HIST-MOD-0288,62.0,3.83,91,MODERATE
HIST-MOD-0289,65.5,3.46,45,MODERATE
HIST-MOD-0290,62.0,4.22,112,MODERATE
HIST-MOD-0291,71.7,4.15,95,MODERATE
HIST-MOD-0292,64.9,3.45,87,MODERATE
HIST-MOD-0293,68.6,4.14,91,MODERATE
HIST-MOD-0294,59.2,3.68,106,MODERATE
HIST-MOD-0295,50.5,2.9,82,MODERATE
HIST-MOD-0296,52.5,3.49,91,MODERATE
HIST-MOD-0297,59.2,4.23,100,MODERATE
HIST-MOD-0298,65.8,3.92,71,MODERATE
HIST-MOD-0299,72.3,3.65,107,MODERATE
HIST-MOD-0300,53.8,3.09,110,MODERATE
HIST-MOD-0301,66.5,3.34,76,MODERATE
HIST-MOD-0302,73.1,3.23,126,MODERATE
HIST-MOD-0303,55.3,3.92,87,MODERATE
HIST-MOD-0304,68.5,3.47,90,MODERATE
HIST-MOD-0305,63.6,3.3,108,MODERATE
HIST-MOD-0306,58.7,3.59,74,MODERATE
HIST-MOD-0307,40.7,3.61,142,MODERATE
HIST-MOD-0308,70.1,3.67,88,MODERATE
HIST-MOD-0309,63.4,3.89,70,MODERATE
HIST-MOD-0310,73.0,3.95,108,MODERATE
HIST-MOD-0311,67.1,3.69,107,MODERATE
HIST-MOD-0312,68.4,3.55,82,MODERATE
HIST-MOD-0313,64.1,4.27,69,MODERATE
HIST-MOD-0314,50.3,3.74,95,MODERATE
HIST-MOD-0315,64.7,3.77,89,MODERATE
HIST-MOD-0316,76.3,3.07,77,MODERATE
HIST-MOD-0317,62.3,3.06,90,MODERATE
HIST-MOD-0318,77.8,3.69,98,MODERATE
HIST-MOD-0319,52.1,3.45,86,MODERATE
HIST-MOD-0320,60.4,4.17,105,MODERATE
HIST-MOD-0321,53.4,3.77,103,MODERATE
HIST-MOD-0322,73.2,4.28,73,MODERATE
HIST-MOD-0323,56.1,3.2,89,MODERATE
HIST-MOD-0324,67.3,4.06,92,MODERATE
HIST-MOD-0325,60.4,3.74,77,MODERATE
HIST-MOD-0326,81.6,3.07,97,MODERATE
HIST-MOD-0327,81.0,3.68,90,MODERATE
HIST-MOD-0328,60.1,3.61,121,MODERATE
HIST-MOD-0329,43.7,4.26,65,MODERATE
HIST-MOD-0330,60.9,3.52,105,MODERATE
HIST-MOD-0331,49.1,3.86,134,MODERATE
HIST-MOD-0332,51.2,3.75,80,MODERATE
HIST-MOD-0333,66.9,3.69,81,MODERATE
HIST-MOD-0334,67.5,4.37,90,MODERATE
HIST-MOD-0335,69.5,3.19,74,MODERATE
HIST-MOD-0336,67.4,4.24,101,MODERATE
HIST-MOD-0337,60.4,3.68,68,MODERATE
HIST-MOD-0338,68.5,4.02,84,MODERATE
HIST-MOD-0339,59.1,3.78,85,MODERATE
HIST-MOD-0340,62.6,4.48,89,MODERATE
HIST-MOD-0341,60.0,3.43,108,MODERATE
HIST-MOD-0342,61.6,3.43,120,MODERATE
HIST-MOD-0343,75.7,3.45,56,MODERATE
HIST-MOD-0344,72.1,3.42,109,MODERATE
HIST-MOD-0345,45.9,4.02,69,MODERATE
HIST-MOD-0346,69.6,3.69,74,MODERATE
HIST-MOD-0347,59.6,3.94,96,MODERATE
HIST-MOD-0348,68.3,4.43,62,MODERATE
HIST-MOD-0349,77.4,3.72,76,MODERATE
HIST-MOD-0350,51.5,3.61,112,MODERATE
HIST-MOD-0351,62.1,4.25,64,MODERATE
HIST-MOD-0352,63.1,3.2,101,MODERATE
HIST-MOD-0353,71.0,3.52,45,MODERATE
HIST-MOD-0354,65.0,3.85,102,MODERATE
HIST-MOD-0355,74.1,3.27,107,MODERATE
HIST-MOD-0356,73.7,3.0,100,MODERATE
HIST-MOD-0357,58.8,3.65,100,MODERATE
HIST-MOD-0358,58.9,3.42,94,MODERATE
HIST-MOD-0359,53.6,3.27,107,MODERATE
HIST-MOD-0360,53.1,3.93,103,MODERATE
HIST-MOD-0361,48.0,3.42,117,MODERATE
HIST-MOD-0362,54.6,3.5,103,MODERATE
HIST-MOD-0363,70.1,3.58,82,MODERATE
HIST-MOD-0364,75.7,4.34,113,MODERATE
HIST-MOD-0365,64.0,3.37,77,MODERATE
HIST-MOD-0366,67.8,3.84,122,MODERATE
HIST-MOD-0367,68.9,3.11,115,MODERATE
HIST-MOD-0368,54.4,3.53,99,MODERATE
HIST-MOD-0369,80.8,4.48,106,MODERATE
HIST-MOD-0370,61.6,3.88,111,MODERATE
HIST-MOD-0371,60.4,4.36,98,MODERATE
HIST-MOD-0372,67.6,3.93,102,MODERATE
HIST-MOD-0373,70.6,3.45,82,MODERATE
HIST-MOD-0374,53.5,3.85,109,MODERATE
HIST-MOD-0375,67.2,4.32,93,MODERATE
HIST-MOD-0376,69.1,3.27,86,MODERATE
HIST-MOD-0377,69.3,4.0,88,MODERATE
HIST-MOD-0378,62.6,3.1,86,MODERATE
HIST-MOD-0379,71.0,3.9,104,MODERATE
HIST-MOD-0380,63.6,3.68,80,MODERATE
HIST-MOD-0381,69.3,3.84,103,MODERATE
HIST-MOD-0382,58.6,2.9,115,MODERATE
HIST-MOD-0383,59.0,3.35,107,MODERATE
HIST-MOD-0384,59.8,4.08,106,MODERATE
HIST-MOD-0385,69.2,3.16,118,MODERATE
HIST-MOD-0386,65.5,3.54,96,MODERATE
HIST-MOD-0387,47.6,3.84,73,MODERATE
HIST-MOD-0388,51.3,3.1,116,MODERATE
HIST-MOD-0389,57.7,4.26,83,MODERATE
HIST-MOD-0390,48.2,3.26,118,MODERATE
HIST-MOD-0391,61.8,3.47,97,MODERATE
HIST-MOD-0392,67.6,4.1,122,MODERATE
HIST-MOD-0393,60.0,3.18,85,MODERATE
HIST-MOD-0394,65.5,3.31,74,MODERATE
HIST-MOD-0395,66.2,3.66,94,MODERATE
HIST-MOD-0396,56.5,3.59,75,MODERATE
HIST-MOD-0397,71.0,4.07,57,MODERATE
HIST-MOD-0398,55.0,3.11,80,MODERATE
HIST-MOD-0399,62.5,3.13,75,MODERATE
HIST-MOD-0400,54.4,3.76,95,MODERATE
HIST-SEV-0001,110.0,5.52,280,SEVERE
HIST-SEV-0002,122.2,6.39,434,SEVERE
HIST-SEV-0003,94.4,5.9,391,SEVERE
HIST-SEV-0004,98.5,5.89,451,SEVERE
HIST-SEV-0005,99.2,4.89,408,SEVERE
HIST-SEV-0006,136.8,5.74,352,SEVERE
HIST-SEV-0007,140.0,4.65,410,SEVERE
HIST-SEV-0008,161.1,5.29,321,SEVERE
HIST-SEV-0009,88.2,5.72,371,SEVERE
HIST-SEV-0010,127.8,6.07,297,SEVERE
HIST-SEV-0011,144.7,4.83,323,SEVERE
HIST-SEV-0012,124.8,5.55,294,SEVERE
HIST-SEV-0013,126.0,5.9,289,SEVERE
HIST-SEV-0014,86.1,6.43,438,SEVERE
HIST-SEV-0015,94.6,5.82,283,SEVERE
HIST-SEV-0016,136.6,5.59,305,SEVERE
HIST-SEV-0017,108.3,5.02,249,SEVERE
HIST-SEV-0018,107.0,5.38,266,SEVERE
HIST-SEV-0019,147.9,6.28,277,SEVERE
HIST-SEV-0020,136.0,5.71,363,SEVERE
HIST-SEV-0021,131.6,5.85,364,SEVERE
HIST-SEV-0022,96.1,5.92,397,SEVERE
HIST-SEV-0023,108.9,5.44,381,SEVERE
HIST-SEV-0024,123.8,6.04,518,SEVERE
HIST-SEV-0025,108.3,4.62,349,SEVERE
HIST-SEV-0026,149.0,5.29,444,SEVERE
HIST-SEV-0027,93.4,5.82,275,SEVERE
HIST-SEV-0028,175.9,6.58,262,SEVERE
HIST-SEV-0029,114.7,5.92,293,SEVERE
HIST-SEV-0030,128.3,5.43,167,SEVERE
HIST-SEV-0031,129.1,5.02,284,SEVERE
HIST-SEV-0032,168.5,4.69,391,SEVERE
HIST-SEV-0033,122.0,5.26,389,SEVERE
HIST-SEV-0034,138.7,5.75,404,SEVERE
HIST-SEV-0035,120.6,5.06,236,SEVERE
HIST-SEV-0036,107.2,7.13,427,SEVERE
HIST-SEV-0037,93.0,4.65,364,SEVERE
HIST-SEV-0038,144.3,5.74,304,SEVERE
HIST-SEV-0039,126.1,5.61,332,SEVERE
HIST-SEV-0040,85.0,5.29,255,SEVERE
HIST-SEV-0041,134.2,7.15,355,SEVERE
HIST-SEV-0042,121.0,5.95,364,SEVERE
HIST-SEV-0043,140.8,5.77,493,SEVERE
HIST-SEV-0044,99.0,5.69,249,SEVERE
HIST-SEV-0045,144.5,4.89,290,SEVERE
HIST-SEV-0046,121.5,5.99,400,SEVERE
HIST-SEV-0047,95.9,5.45,266,SEVERE
HIST-SEV-0048,95.5,5.29,299,SEVERE
HIST-SEV-0049,195.0,5.67,212,SEVERE
HIST-SEV-0050,114.3,6.01,496,SEVERE
HIST-SEV-0051,86.7,4.5,478,SEVERE
HIST-SEV-0052,140.0,4.92,368,SEVERE
HIST-SEV-0053,85.0,5.42,351,SEVERE
HIST-SEV-0054,154.5,4.83,332,SEVERE
HIST-SEV-0055,104.5,5.57,251,SEVERE
HIST-SEV-0056,118.5,4.84,378,SEVERE
HIST-SEV-0057,152.7,5.28,328,SEVERE
HIST-SEV-0058,90.4,5.25,320,SEVERE
HIST-SEV-0059,200.3,4.78,445,SEVERE
HIST-SEV-0060,156.4,5.58,469,SEVERE
HIST-SEV-0061,139.5,5.65,320,SEVERE
HIST-SEV-0062,162.5,6.06,273,SEVERE
HIST-SEV-0063,93.9,5.3,259,SEVERE
HIST-SEV-0064,127.8,6.14,287,SEVERE
HIST-SEV-0065,128.3,5.45,394,SEVERE
HIST-SEV-0066,85.0,5.07,342,SEVERE
HIST-SEV-0067,161.9,5.13,171,SEVERE
HIST-SEV-0068,146.2,5.05,227,SEVERE
HIST-SEV-0069,112.6,5.31,275,SEVERE
HIST-SEV-0070,85.0,5.94,429,SEVERE
HIST-SEV-0071,147.1,4.76,308,SEVERE
HIST-SEV-0072,129.3,5.77,379,SEVERE
HIST-SEV-0073,109.7,5.47,362,SEVERE
HIST-SEV-0074,168.8,5.83,389,SEVERE
HIST-SEV-0075,131.8,6.24,358,SEVERE
HIST-SEV-0076,106.3,6.23,382,SEVERE
HIST-SEV-0077,117.5,5.14,349,SEVERE
HIST-SEV-0078,142.0,5.53,350,SEVERE
HIST-SEV-0079,175.4,6.04,340,SEVERE
HIST-SEV-0080,154.9,4.82,357,SEVERE
HIST-SEV-0081,178.4,5.29,255,SEVERE
HIST-SEV-0082,111.9,4.79,260,SEVERE
HIST-SEV-0083,119.5,4.6,326,SEVERE
HIST-SEV-0084,153.9,4.89,449,SEVERE
HIST-SEV-0085,143.3,6.02,271,SEVERE
HIST-SEV-0086,152.6,4.79,398,SEVERE
HIST-SEV-0087,134.1,5.74,228,SEVERE
HIST-SEV-0088,105.3,5.77,247,SEVERE
HIST-SEV-0089,142.0,4.63,394,SEVERE
HIST-SEV-0090,96.2,5.74,376,SEVERE
HIST-SEV-0091,110.7,5.76,346,SEVERE
HIST-SEV-0092,115.0,4.84,164,SEVERE
HIST-SEV-0093,138.9,4.51,332,SEVERE
HIST-SEV-0094,122.4,5.81,300,SEVERE
HIST-SEV-0095,120.6,5.84,352,SEVERE
HIST-SEV-0096,138.0,5.69,199,SEVERE
HIST-SEV-0097,149.9,5.78,241,SEVERE
HIST-SEV-0098,122.9,5.4,313,SEVERE
HIST-SEV-0099,138.5,6.25,413,SEVERE
HIST-SEV-0100,94.1,5.78,433,SEVERE
HIST-SEV-0101,139.9,6.05,490,SEVERE
HIST-SEV-0102,157.1,5.56,410,SEVERE
HIST-SEV-0103,133.4,5.43,296,SEVERE
HIST-SEV-0104,171.7,4.95,450,SEVERE
HIST-SEV-0105,143.0,4.61,355,SEVERE
HIST-SEV-0106,85.0,5.78,397,SEVERE
HIST-SEV-0107,113.5,5.49,485,SEVERE
HIST-SEV-0108,115.8,4.81,446,SEVERE
HIST-SEV-0109,182.5,5.42,407,SEVERE
HIST-SEV-0110,165.7,4.99,285,SEVERE
HIST-SEV-0111,162.7,6.4,371,SEVERE
HIST-SEV-0112,105.7,6.57,281,SEVERE
HIST-SEV-0113,120.5,5.62,452,SEVERE
HIST-SEV-0114,152.6,5.66,362,SEVERE
HIST-SEV-0115,130.7,5.74,140,SEVERE
HIST-SEV-0116,121.5,5.56,230,SEVERE
HIST-SEV-0117,139.9,5.3,468,SEVERE
HIST-SEV-0118,172.0,5.15,312,SEVERE
HIST-SEV-0119,127.5,5.16,340,SEVERE
HIST-SEV-0120,109.0,4.76,376,SEVERE
HIST-SEV-0121,146.5,4.95,398,SEVERE
HIST-SEV-0122,112.4,5.57,392,SEVERE
HIST-SEV-0123,128.6,5.68,282,SEVERE
HIST-SEV-0124,124.2,5.3,263,SEVERE
HIST-SEV-0125,124.7,4.52,284,SEVERE
HIST-SEV-0126,121.8,5.27,305,SEVERE
HIST-SEV-0127,127.8,5.7,396,SEVERE
HIST-SEV-0128,112.0,4.72,239,SEVERE
HIST-SEV-0129,116.3,5.22,261,SEVERE
HIST-SEV-0130,94.5,5.16,339,SEVERE
HIST-SEV-0131,145.6,5.1,291,SEVERE
HIST-SEV-0132,104.5,5.4,255,SEVERE
HIST-SEV-0133,145.0,4.5,295,SEVERE
HIST-SEV-0134,137.6,5.53,545,SEVERE
HIST-SEV-0135,138.9,4.84,317,SEVERE
HIST-SEV-0136,85.0,5.37,256,SEVERE
HIST-SEV-0137,154.2,5.1,315,SEVERE
HIST-SEV-0138,112.3,6.43,298,SEVERE
HIST-SEV-0139,179.0,5.89,364,SEVERE
HIST-SEV-0140,139.5,5.65,166,SEVERE
HIST-SEV-0141,122.0,5.91,320,SEVERE
HIST-SEV-0142,91.6,5.39,464,SEVERE
HIST-SEV-0143,163.2,5.38,403,SEVERE
HIST-SEV-0144,119.6,4.5,249,SEVERE
HIST-SEV-0145,171.7,5.26,305,SEVERE
HIST-SEV-0146,121.4,6.52,458,SEVERE
HIST-SEV-0147,189.4,5.33,349,SEVERE
HIST-SEV-0148,88.6,6.28,229,SEVERE
HIST-SEV-0149,135.4,4.78,276,SEVERE
HIST-SEV-0150,106.9,5.07,280,SEVERE
HIST-SEV-0151,114.7,5.9,234,SEVERE
HIST-SEV-0152,135.5,6.13,282,SEVERE
HIST-SEV-0153,110.1,5.29,421,SEVERE
HIST-SEV-0154,134.7,5.11,364,SEVERE
HIST-SEV-0155,99.7,5.82,358,SEVERE
HIST-SEV-0156,121.2,4.93,252,SEVERE
HIST-SEV-0157,143.9,6.13,272,SEVERE
HIST-SEV-0158,141.9,4.5,277,SEVERE
HIST-SEV-0159,128.7,4.89,248,SEVERE
HIST-SEV-0160,111.5,5.59,309,SEVERE
HIST-SEV-0161,85.0,4.5,275,SEVERE
HIST-SEV-0162,141.9,4.5,284,SEVERE
HIST-SEV-0163,115.3,6.23,293,SEVERE
HIST-SEV-0164,139.8,5.5,150,SEVERE
HIST-SEV-0165,150.2,5.54,366,SEVERE
HIST-SEV-0166,235.0,4.5,466,SEVERE
HIST-SEV-0167,121.7,5.59,321,SEVERE
HIST-SEV-0168,118.0,5.09,352,SEVERE
HIST-SEV-0169,88.5,5.86,290,SEVERE
HIST-SEV-0170,99.0,5.16,428,SEVERE
HIST-SEV-0171,115.0,5.63,265,SEVERE
HIST-SEV-0172,150.0,5.82,476,SEVERE
HIST-SEV-0173,124.8,5.81,333,SEVERE
HIST-SEV-0174,164.5,5.0,386,SEVERE
HIST-SEV-0175,124.2,5.38,332,SEVERE
HIST-SEV-0176,136.3,5.35,342,SEVERE
HIST-SEV-0177,172.1,5.99,396,SEVERE
HIST-SEV-0178,117.2,4.9,403,SEVERE
HIST-SEV-0179,153.2,6.27,275,SEVERE
HIST-SEV-0180,123.3,4.5,292,SEVERE
HIST-SEV-0181,156.4,5.15,377,SEVERE
HIST-SEV-0182,124.4,5.61,230,SEVERE
HIST-SEV-0183,131.8,4.5,309,SEVERE
HIST-SEV-0184,85.5,6.12,388,SEVERE
HIST-SEV-0185,142.1,6.3,247,SEVERE
HIST-SEV-0186,176.7,5.96,305,SEVERE
HIST-SEV-0187,160.2,4.78,257,SEVERE
HIST-SEV-0188,113.1,5.11,238,SEVERE
HIST-SEV-0189,162.5,5.27,353,SEVERE
HIST-SEV-0190,114.1,4.5,347,SEVERE
HIST-SEV-0191,85.0,5.38,212,SEVERE
HIST-SEV-0192,183.2,5.95,333,SEVERE
HIST-SEV-0193,163.6,4.93,369,SEVERE
HIST-SEV-0194,134.9,5.57,429,SEVERE
HIST-SEV-0195,149.3,5.59,189,SEVERE
HIST-SEV-0196,103.6,5.35,332,SEVERE
HIST-SEV-0197,99.0,6.82,449,SEVERE
HIST-SEV-0198,145.8,5.46,307,SEVERE
HIST-SEV-0199,103.8,5.46,346,SEVERE
HIST-SEV-0200,96.0,5.61,312,SEVERE
HIST-SEV-0201,85.0,4.92,291,SEVERE
HIST-SEV-0202,180.5,5.74,215,SEVERE
HIST-SEV-0203,142.6,4.52,413,SEVERE
HIST-SEV-0204,116.8,5.37,433,SEVERE
HIST-SEV-0205,94.7,4.61,277,SEVERE
HIST-SEV-0206,157.5,4.54,140,SEVERE
HIST-SEV-0207,117.3,5.74,423,SEVERE
HIST-SEV-0208,117.0,5.18,419,SEVERE
HIST-SEV-0209,85.0,5.19,340,SEVERE
HIST-SEV-0210,141.6,5.12,327,SEVERE
HIST-SEV-0211,85.0,5.04,362,SEVERE
HIST-SEV-0212,103.0,5.45,361,SEVERE
HIST-SEV-0213,120.3,5.52,246,SEVERE
HIST-SEV-0214,123.9,5.77,337,SEVERE
HIST-SEV-0215,113.7,5.55,383,SEVERE
HIST-SEV-0216,85.0,6.09,297,SEVERE
HIST-SEV-0217,141.0,6.11,212,SEVERE
HIST-SEV-0218,110.3,5.25,260,SEVERE
HIST-SEV-0219,176.3,4.92,279,SEVERE
HIST-SEV-0220,135.0,4.72,292,SEVERE
HIST-SEV-0221,138.1,5.23,317,SEVERE
HIST-SEV-0222,115.2,4.54,351,SEVERE
HIST-SEV-0223,176.9,5.43,343,SEVERE
HIST-SEV-0224,148.2,4.68,464,SEVERE
HIST-SEV-0225,135.0,6.37,264,SEVERE
HIST-SEV-0226,178.6,5.87,370,SEVERE
HIST-SEV-0227,135.8,5.28,423,SEVERE
HIST-SEV-0228,133.3,4.5,233,SEVERE
HIST-SEV-0229,124.5,5.6,320,SEVERE
HIST-SEV-0230,162.4,4.5,336,SEVERE
HIST-SEV-0231,85.0,5.86,317,SEVERE
HIST-SEV-0232,140.8,4.92,429,SEVERE
HIST-SEV-0233,157.6,5.76,314,SEVERE
HIST-SEV-0234,145.2,5.01,395,SEVERE
HIST-SEV-0235,174.0,6.04,265,SEVERE
HIST-SEV-0236,139.3,4.67,371,SEVERE
HIST-SEV-0237,141.7,4.5,229,SEVERE
HIST-SEV-0238,121.9,5.25,225,SEVERE
HIST-SEV-0239,140.0,5.57,309,SEVERE
HIST-SEV-0240,109.1,6.03,460,SEVERE
HIST-SEV-0241,116.4,5.06,365,SEVERE
HIST-SEV-0242,119.8,5.34,385,SEVERE
HIST-SEV-0243,85.0,6.18,330,SEVERE
HIST-SEV-0244,118.4,5.37,321,SEVERE
HIST-SEV-0245,85.0,6.29,328,SEVERE
HIST-SEV-0246,141.5,5.97,241,SEVERE
HIST-SEV-0247,142.3,5.26,394,SEVERE
HIST-SEV-0248,85.0,5.36,275,SEVERE
HIST-SEV-0249,141.2,5.69,266,SEVERE
HIST-SEV-0250,110.3,5.36,251,SEVERE
HIST-SEV-0251,152.2,5.21,140,SEVERE
HIST-SEV-0252,119.4,4.82,191,SEVERE
HIST-SEV-0253,96.1,5.48,433,SEVERE
HIST-SEV-0254,138.0,5.07,362,SEVERE
HIST-SEV-0255,117.1,5.02,230,SEVERE
HIST-SEV-0256,85.0,5.19,337,SEVERE
HIST-SEV-0257,126.9,5.18,247,SEVERE
HIST-SEV-0258,145.9,4.66,388,SEVERE
HIST-SEV-0259,102.4,4.98,204,SEVERE
HIST-SEV-0260,116.0,5.99,367,SEVERE
HIST-SEV-0261,155.9,5.72,234,SEVERE
HIST-SEV-0262,120.6,4.97,434,SEVERE
HIST-SEV-0263,97.2,5.94,398,SEVERE
HIST-SEV-0264,178.9,5.18,383,SEVERE
HIST-SEV-0265,191.1,5.06,199,SEVERE
HIST-SEV-0266,85.0,5.83,170,SEVERE
HIST-SEV-0267,119.4,5.67,340,SEVERE
HIST-SEV-0268,141.0,5.55,429,SEVERE
HIST-SEV-0269,103.8,5.03,261,SEVERE
HIST-SEV-0270,151.9,5.94,362,SEVERE
HIST-SEV-0271,161.5,4.74,461,SEVERE
HIST-SEV-0272,170.6,5.85,471,SEVERE
HIST-SEV-0273,85.0,5.12,264,SEVERE
HIST-SEV-0274,149.0,4.81,387,SEVERE
HIST-SEV-0275,166.5,5.82,348,SEVERE
HIST-SEV-0276,102.8,4.93,427,SEVERE
HIST-SEV-0277,150.5,5.4,290,SEVERE
HIST-SEV-0278,85.0,4.8,481,SEVERE
HIST-SEV-0279,94.9,5.53,407,SEVERE
HIST-SEV-0280,95.6,5.53,401,SEVERE
HIST-SEV-0281,129.8,7.08,188,SEVERE
HIST-SEV-0282,158.1,5.32,388,SEVERE
HIST-SEV-0283,141.4,4.99,343,SEVERE
HIST-SEV-0284,85.0,5.77,349,SEVERE
HIST-SEV-0285,146.7,6.03,355,SEVERE
HIST-SEV-0286,133.5,4.91,266,SEVERE
HIST-SEV-0287,161.5,6.25,305,SEVERE
HIST-SEV-0288,130.7,4.9,421,SEVERE
HIST-SEV-0289,147.5,6.55,252,SEVERE
HIST-SEV-0290,119.3,5.55,378,SEVERE
HIST-SEV-0291,123.7,4.91,397,SEVERE
HIST-SEV-0292,149.0,4.89,436,SEVERE
HIST-SEV-0293,161.1,5.5,331,SEVERE
HIST-SEV-0294,144.5,4.92,327,SEVERE
HIST-SEV-0295,85.0,5.93,196,SEVERE
HIST-SEV-0296,170.1,5.23,307,SEVERE
HIST-SEV-0297,112.6,5.25,441,SEVERE
HIST-SEV-0298,85.0,6.16,352,SEVERE
HIST-SEV-0299,96.9,4.8,462,SEVERE
HIST-SEV-0300,104.0,4.75,418,SEVERE
HIST-SEV-0301,138.6,4.88,342,SEVERE
HIST-SEV-0302,101.8,6.06,412,SEVERE
HIST-SEV-0303,143.9,5.63,469,SEVERE
HIST-SEV-0304,129.5,4.73,361,SEVERE
HIST-SEV-0305,185.8,4.83,295,SEVERE
HIST-SEV-0306,140.7,5.39,244,SEVERE
HIST-SEV-0307,159.8,6.77,341,SEVERE
HIST-SEV-0308,105.1,4.52,346,SEVERE
HIST-SEV-0309,159.3,5.7,324,SEVERE
HIST-SEV-0310,113.6,4.79,393,SEVERE
HIST-SEV-0311,154.2,4.52,455,SEVERE
HIST-SEV-0312,145.0,6.23,214,SEVERE
HIST-SEV-0313,92.6,5.33,366,SEVERE
HIST-SEV-0314,178.0,5.83,305,SEVERE
HIST-SEV-0315,101.8,6.13,245,SEVERE
HIST-SEV-0316,173.5,5.26,455,SEVERE
HIST-SEV-0317,147.8,5.34,282,SEVERE
HIST-SEV-0318,120.3,5.67,331,SEVERE
HIST-SEV-0319,113.5,5.32,331,SEVERE
HIST-SEV-0320,85.0,5.69,244,SEVERE
HIST-SEV-0321,98.4,4.5,177,SEVERE
HIST-SEV-0322,92.9,5.01,485,SEVERE
HIST-SEV-0323,115.3,5.52,357,SEVERE
HIST-SEV-0324,133.0,5.38,226,SEVERE
HIST-SEV-0325,168.7,6.47,187,SEVERE
HIST-SEV-0326,101.9,5.26,245,SEVERE
HIST-SEV-0327,143.2,5.0,502,SEVERE
HIST-SEV-0328,161.6,5.54,409,SEVERE
HIST-SEV-0329,159.4,5.09,258,SEVERE
HIST-SEV-0330,131.6,5.92,336,SEVERE
HIST-SEV-0331,86.9,4.95,318,SEVERE
HIST-SEV-0332,127.5,6.56,211,SEVERE
HIST-SEV-0333,143.2,6.28,511,SEVERE
HIST-SEV-0334,118.6,5.71,371,SEVERE
HIST-SEV-0335,134.8,5.36,360,SEVERE
HIST-SEV-0336,85.0,5.82,335,SEVERE
HIST-SEV-0337,123.5,6.61,269,SEVERE
HIST-SEV-0338,118.6,6.58,256,SEVERE
HIST-SEV-0339,114.6,5.33,393,SEVERE
HIST-SEV-0340,135.1,4.67,281,SEVERE
HIST-SEV-0341,113.1,5.38,359,SEVERE
HIST-SEV-0342,140.8,4.5,412,SEVERE
HIST-SEV-0343,136.3,6.22,361,SEVERE
HIST-SEV-0344,159.2,5.69,435,SEVERE
HIST-SEV-0345,143.6,5.36,511,SEVERE
HIST-SEV-0346,153.5,5.75,220,SEVERE
HIST-SEV-0347,94.7,5.59,336,SEVERE
HIST-SEV-0348,112.9,5.5,455,SEVERE
HIST-SEV-0349,148.3,4.76,315,SEVERE
HIST-SEV-0350,107.8,5.2,291,SEVERE
HIST-SEV-0351,116.6,4.69,314,SEVERE
HIST-SEV-0352,114.4,4.5,493,SEVERE
HIST-SEV-0353,158.9,5.2,326,SEVERE
HIST-SEV-0354,97.9,6.4,480,SEVERE
HIST-SEV-0355,133.7,6.01,339,SEVERE
HIST-SEV-0356,93.4,5.18,335,SEVERE
HIST-SEV-0357,117.2,5.29,317,SEVERE
HIST-SEV-0358,127.3,5.45,238,SEVERE
HIST-SEV-0359,110.1,4.67,405,SEVERE
HIST-SEV-0360,85.0,6.09,438,SEVERE
HIST-SEV-0361,121.3,4.5,295,SEVERE
HIST-SEV-0362,127.8,4.83,282,SEVERE
HIST-SEV-0363,170.8,5.81,249,SEVERE
HIST-SEV-0364,86.4,5.23,307,SEVERE
HIST-SEV-0365,142.9,5.11,366,SEVERE
HIST-SEV-0366,181.7,5.89,321,SEVERE
HIST-SEV-0367,124.6,5.21,421,SEVERE
HIST-SEV-0368,112.6,5.45,329,SEVERE
HIST-SEV-0369,116.0,4.62,351,SEVERE
HIST-SEV-0370,127.9,5.71,281,SEVERE
HIST-SEV-0371,162.5,4.91,465,SEVERE
HIST-SEV-0372,85.0,5.67,363,SEVERE
HIST-SEV-0373,108.0,5.67,429,SEVERE
HIST-SEV-0374,85.0,5.71,140,SEVERE
HIST-SEV-0375,103.4,6.36,277,SEVERE
HIST-SEV-0376,97.8,5.31,494,SEVERE
HIST-SEV-0377,85.0,4.81,447,SEVERE
HIST-SEV-0378,179.7,5.36,223,SEVERE
HIST-SEV-0379,186.1,6.34,380,SEVERE
HIST-SEV-0380,107.6,5.39,311,SEVERE
HIST-SEV-0381,138.4,6.26,397,SEVERE
HIST-SEV-0382,100.4,6.22,350,SEVERE
HIST-SEV-0383,148.1,6.27,233,SEVERE
HIST-SEV-0384,128.5,5.11,196,SEVERE
HIST-SEV-0385,138.9,6.88,174,SEVERE
HIST-SEV-0386,128.6,5.79,335,SEVERE
HIST-SEV-0387,126.4,4.67,344,SEVERE
HIST-SEV-0388,109.1,4.5,422,SEVERE
HIST-SEV-0389,155.4,5.45,343,SEVERE
HIST-SEV-0390,158.5,5.55,399,SEVERE
HIST-SEV-0391,121.5,6.18,351,SEVERE
HIST-SEV-0392,134.7,4.68,348,SEVERE
HIST-SEV-0393,107.0,5.05,258,SEVERE
HIST-SEV-0394,100.7,6.65,434,SEVERE
HIST-SEV-0395,181.3,4.71,330,SEVERE
HIST-SEV-0396,94.6,5.02,249,SEVERE
HIST-SEV-0397,163.0,5.19,412,SEVERE
HIST-SEV-0398,145.8,6.76,203,SEVERE
HIST-SEV-0399,163.5,6.08,245,SEVERE
HIST-SEV-0400,156.7,5.61,306,SEVERE
